SYMBOL	GINS-0008-0007-01AD	GINS-0008-0015-01AD	GINS-0008-0060-01AD	GINS-0008-0079-01AD	GINS-0008-0091-01AD	GINS-0008-0096-01AD	GINS-0008-0097-01AD	GINS-0008-0111-01AD	GINS-0025-0004-01AD	GINS-0025-0019-01AD	GINS-0025-0030-01AD	GINS-0025-0059-01AD	GINS-0025-0913-01AD	GINS-0025-0936-01AD	GINS-0025-0983-01AD	GINS-0025-1002-01AD	GINS-0025-1013-01AD	GINS-0025-1026-01AD	GINS-0025-1049-01AD	GINS-0025-1085-01AD	GINS-0025-1089-01AD	GINS-0025-1106-01AD	GINS-0025-1123-01AD	GINS-0025-1124-01AD	GINS-0025-1147-01AD	GINS-0025-1166-01AD	GINS-0025-1181-01AD	GINS-0025-1193-01AD	GINS-0025-1194-01AD	GINS-0025-1228-01AD	GINS-0025-1232-01AD	GINS-0025-1253-01AD	GINS-0025-1263-01AD	GINS-0025-1275-01AD	GINS-0025-1276-01AD	GINS-0025-1285-01AD	GINS-0025-1303-01AD	GINS-0025-1307-01AD	GINS-0025-1432-01AD	GINS-0026-0004-01AD	GINS-0026-0005-01AD	GINS-0026-0035-01AD	GINS-0026-0044-01AD	GINS-0026-0051-01AD	GINS-0026-0055-01AD	GINS-0026-0081-01AD	GINS-0026-0083-01AD	GINS-0026-0088-01AD	GINS-0026-0091-01AD	GINS-0026-0093-01AD	GINS-0026-0094-01AD	GINS-0026-0127-01AD	GINS-0026-0131-01AD	GINS-0026-0133-01AD	GINS-0026-0142-01AD	GINS-0026-0173-01AD	GINS-0026-0209-01AD	GINS-0026-0230-01AD	GINS-0026-0259-01AD	GINS-0026-0264-01AD	GINS-0026-0276-01AD	GINS-0026-0289-01AD	GINS-0026-0311-01AD	GINS-0026-0312-01AD	GINS-0026-0328-01AD	GINS-0026-0340-01AD	GINS-0026-0348-01AD	GINS-0026-0356-01AD	GINS-0026-0377-01AD	GINS-0026-0385-01AD	GINS-0026-0396-01AD	GINS-0026-0420-01AD	GINS-0026-0436-01AD	GINS-0026-0485-01AD	GINS-0037-0021-01AD	GINS-0037-0036-01AD	GINS-0037-0065-01AD	GINS-0037-0067-01AD	GINS-0037-0075-01AD	GINS-0037-0082-01AD	GINS-0037-0092-01AD	GINS-0037-0108-01AD	GINS-0037-0122-01AD	GINS-0037-0127-01AD	GINS-0037-0129-01AD	GINS-0037-0158-01AD	GINS-0037-0159-01AD
SCEL	NA	NA	NA	NA	NA	NA	NA	NA	NA	NA	NA	NA	BND	NA	NA	NA	NA	NA	NA	NA	BND	NA	NA	NA	BND	NA	NA	NA	NA	NA	NA	BND	NA	NA	BND	NA	NA	NA	NA	NA	NA	NA	NA	NA	NA	NA	NA	NA	NA	NA	NA	NA	NA	NA	NA	NA	NA	NA	NA	NA	NA	NA	NA	NA	NA	NA	NA	NA	NA	NA	NA	NA	NA	NA	NA	NA	NA	NA	NA	NA	NA	NA	NA	DEL	NA	NA	NA
FAHD2CP	NA	NA	NA	NA	NA	NA	NA	NA	NA	NA	NA	NA	NA	NA	NA	NA	NA	NA	NA	NA	NA	NA	NA	NA	NA	NA	NA	NA	INV	NA	NA	NA	NA	NA	NA	NA	NA	NA	NA	NA	NA	NA	NA	NA	NA	NA	NA	NA	NA	NA	NA	NA	NA	NA	NA	NA	NA	NA	NA	NA	NA	NA	NA	NA	NA	NA	NA	NA	NA	NA	NA	NA	NA	NA	NA	NA	NA	NA	NA	NA	NA	NA	NA	NA	NA	NA	NA
MOGAT3	NA	NA	BND	BND	BND	BND	BND	NA	NA	BND	NA	NA	NA	NA	NA	BND	BND	BND	BND	NA	NA	BND	BND	NA	NA	BND	BND	NA	NA	BND	NA	NA	BND	BND wLOH	NA	BND wLOH	BND	BND	BND	BND	NA	BND	NA	BND	BND	NA	NA	NA	BND	BND wLOH	BND,INV	NA	BND wLOH	BND	BND	BND	BND	NA	BND wLOH	NA	BND	BND	BND	BND	NA	BND	BND	BND	NA	NA	BND	BND	BND	NA	BND	BND	NA	NA	NA	BND	NA	BND	BND	NA	BND	BND	NA
ABCA9	BND wLOH	NA	NA	NA	NA	NA	NA	NA	BND	NA	BND	NA	NA	NA	NA	NA	NA	NA	BND	NA	NA	NA	NA	BND	NA	NA	NA	NA	NA	NA	BND	NA	NA	NA	NA	NA	NA	NA	NA	NA	NA	NA	BND	NA	NA	NA	NA	NA	NA	NA	NA	NA	NA	NA	NA	NA	NA	DEL wLOH	NA	NA	NA	NA	NA	NA	BND	NA	NA	NA	NA	BND	NA	NA	NA	NA	NA	NA	DEL wLOH	BND	NA	NA	NA	NA	NA	NA	NA	NA	NA
ECHS1	NA	NA	NA	NA	NA	NA	NA	PM	NA	NA	NA	NA	NA	NA	PM	NA	NA	NA	NA	PM wLOH	NA	NA	NA	NA	NA	NA	NA	NA	NA	NA	NA	NA	NA	NA	NA	NA	NA	NA	NA	NA	PM	NA	NA	NA	NA	BND	DEL	NA	NA	NA	NA	NA	NA	NA	NA	NA	NA	NA	NA	NA	NA	NA	NA	NA	NA	NA	NA	NA	PM	NA	NA	NA	NA	PM	NA	NA	NA	NA	PM	NA	NA	NA	NA	NA	NA	NA	PM
ARHGAP35	NA	NA	NA	NA	NA	NA	NA	NA	NA	NA	NA	NA	NA	NA	NA	NA	NA	NA	NA	NA	NA	NA	NA	NA	NA	NA	NA	NA	NA	NA	NA	NA	NA	NA	NA	NA	NA	NA	NA	NA	NA	NA	NA	NA	NA	NA	NA	NA	NA	NA	NA	NA	NA	NA	NA	NA	NA	NA	NA	NA	NA	NA	NA	NA	NA	NA	NA	NA	NA	NA	NA	NA	NA	NA	NA	NA	NA	NA	NA	NA	DEL	NA	NA	NA	NA	NA	NA
ASB18	NA	NA	NA	NA	NA	NA	NA	NA	NA	NA	NA	NA	NA	NA	NA	NA	NA	NA	NA	NA	NA	NA	NA	NA	NA	NA	NA	DEL	NA	NA	NA	NA	NA	NA	NA	NA	NA	NA	NA	NA	NA	NA	NA	NA	NA	NA	NA	NA	NA	NA	NA	NA	NA	NA	NA	NA	NA	NA	NA	NA	NA	NA	NA	NA	NA	NA	NA	NA	NA	NA	NA	NA	NA	NA	NA	NA	NA	NA	NA	NA	NA	NA	NA	NA	NA	NA	NA
TTF2	NA	NA	NA	NA	NA	NA	NA	NA	NA	NA	NA	NA	NA	DEL	NA	NA	NA	NA	NA	NA	NA	NA	NA	NA	NA	NA	NA	NA	NA	NA	NA	NA	NA	NA	NA	NA	NA	NA	NA	NA	NA	NA	NA	NA	NA	NA	NA	NA	NA	NA	NA	NA	NA	NA	NA	NA	NA	NA	NA	NA	NA	NA	NA	NA	NA	NA	NA	NA	NA	NA	NA	NA	NA	NA	NA	NA	NA	NA	NA	NA	NA	NA	NA	DEL wLOH	NA	NA	NA
DLST	NA	NA	NA	NA	NA	NA	NA	NA	NA	NA	NA	NA	NA	NA	NA	NA	NA	NA	NA	NA	NA	NA	NA	NA	NA	NA	NA	NA	NA	NA	NA	NA	NA	NA	NA	NA	NA	NA	NA	NA	NA	NA	NA	NA	NA	NA	NA	BND	NA	NA	NA	BND wLOH	NA	NA	NA	NA	NA	NA	NA	DEL	NA	NA	NA	NA	NA	NA	NA	NA	NA	NA	NA	NA	NA	NA	NA	NA	NA	NA	NA	NA	NA	NA	NA	NA	NA	NA	NA
ALG1	NA	DEL	NA	NA	NA	NA	NA	NA	NA	NA	NA	DEL	NA	NA	NA	NA	NA	NA	NA	NA	NA	NA	NA	NA	NA	NA	NA	NA	NA	NA	NA	NA	NA	NA	NA	NA	NA	NA	NA	NA	NA	NA	NA	NA	NA	NA	NA	NA	NA	NA	NA	NA	NA	NA	NA	NA	NA	NA	NA	NA	NA	NA	NA	NA	NA	NA	NA	NA	NA	NA	NA	NA	NA	NA	NA	NA	NA	NA	NA	NA	NA	NA	NA	NA	NA	NA	NA
